Booking ID,Booking Date,Travel Date,Lead Time (Days),Origin,Destination,Airline Name,Flight Number,Flight Distance (km),Passenger Type,Class,Ticket Price (INR),Payment Method,Booking Channel,Booking Status,Cancellation Reason,Customer Satisfaction Rating
BKG100001,28-03-2023,22-04-2023,25,MAA,HYD,IndiGo,6.00E+291,630,Adult,Business,3480,Wallet,Travel Agent,Confirmed,,4
BKG100002,13-04-2023,18-05-2023,35,MAA,DEL,Akasa,QP360,1750,Senior,Economy,6533,Cash,Online,Confirmed,,1
BKG100003,24-06-2023,27-07-2023,33,HYD,BOM,GoAir,G8786,710,Adult,Economy,2091,Cash,Airline App,Pending,,
BKG100004,08-04-2023,15-06-2023,68,BLR,DEL,Akasa,QP528,1740,Adult,Business,10361,UPI,Travel Agent,Confirmed,,4
BKG100005,17-05-2023,02-08-2023,77,MAA,BLR,IndiGo,6E407,350,Adult,Economy,1194,Netbanking,Travel Agent,Confirmed,,5
BKG100006,11-04-2023,20-05-2023,39,BOM,MAA,SpiceJet,SG304,1030,Senior,Economy,3595,Wallet,Travel Agent,Confirmed,,1
BKG100007,27-05-2023,03-07-2023,37,MAA,BOM,Akasa,QP537,1030,Senior,Economy,2902,Cash,Online,Confirmed,,2
BKG100008,03-04-2023,15-04-2023,12,MAA,BOM,IndiGo,6.00E+101,1030,Adult,Economy,3422,Wallet,Online,Confirmed,,5
BKG100009,02-06-2023,02-07-2023,30,DEL,HYD,GoAir,G8494,1260,Adult,Business,6948,UPI,Airline App,Confirmed,,3
BKG100010,27-05-2023,05-06-2023,9,BOM,HYD,GoAir,G8907,710,Child,Economy,2024,Cash,Travel Agent,Cancelled,High ticket price,
BKG100011,26-05-2023,15-08-2023,81,BOM,MAA,GoAir,G8203,1030,Senior,Economy,2986,Netbanking,Travel Agent,Confirmed,,2
BKG100012,16-04-2023,02-06-2023,47,HYD,DEL,SpiceJet,SG674,1260,Senior,Economy,3865,Card,Airline App,Confirmed,,4
BKG100013,24-01-2023,16-02-2023,23,MAA,DEL,GoAir,G8111,1750,Senior,Business,10452,Cash,Travel Agent,Confirmed,,5
BKG100014,01-02-2023,11-04-2023,69,MAA,HYD,Vistara,UK461,630,Child,Economy,1929,Card,Travel Agent,Confirmed,,1
BKG100015,27-04-2023,30-04-2023,3,BLR,MAA,SpiceJet,SG214,350,Adult,Economy,887,Netbanking,Online,Confirmed,,1
BKG100016,19-01-2023,08-03-2023,48,HYD,DEL,Vistara,UK233,1260,Child,Business,7397,Wallet,Airline App,Confirmed,,1
BKG100017,30-05-2023,16-06-2023,17,HYD,BLR,IndiGo,6E896,500,Child,Economy,1429,UPI,Travel Agent,Confirmed,,1
BKG100018,11-02-2023,19-03-2023,36,BLR,MAA,Vistara,UK995,350,Child,Economy,1125,Netbanking,Online,Cancelled,Change in plans,
BKG100019,26-05-2023,28-06-2023,33,HYD,DEL,Air India,AI643,1260,Child,Business,7282,Netbanking,Travel Agent,Confirmed,,4
BKG100020,09-06-2023,21-08-2023,73,MAA,BLR,IndiGo,6E454,350,Senior,Economy,1006,Card,Online,Confirmed,,5
BKG100021,28-05-2023,29-06-2023,32,DEL,BLR,SpiceJet,SG871,1740,Senior,First,12427,Card,Travel Agent,Confirmed,,5
BKG100022,13-04-2023,05-07-2023,83,BLR,HYD,SpiceJet,SG245,500,Adult,Economy,1350,UPI,Airline App,Confirmed,,5
BKG100023,22-06-2023,06-07-2023,14,BOM,DEL,SpiceJet,SG918,1150,Adult,Economy,3158,Card,Airline App,Confirmed,,2
BKG100024,13-03-2023,01-05-2023,49,DEL,HYD,Akasa,QP500,1260,Adult,Economy,3183,Wallet,Online,Confirmed,,4
BKG100025,02-03-2023,10-04-2023,39,BOM,MAA,IndiGo,6E791,1030,Senior,Economy,4002,UPI,Online,Cancelled,Found better deal,
BKG100026,19-04-2023,17-06-2023,59,BOM,BLR,GoAir,G8761,980,Child,Economy,3859,Card,Online,Confirmed,,1
BKG100027,30-01-2023,15-04-2023,75,BLR,BOM,SpiceJet,SG237,980,Senior,Economy,2834,UPI,Airline App,Confirmed,,1
BKG100028,23-03-2023,23-05-2023,61,BOM,BLR,GoAir,G8146,980,Child,Business,5500,UPI,Online,Confirmed,,4
BKG100029,26-06-2023,22-08-2023,57,MAA,DEL,IndiGo,6E387,1750,Adult,Business,12192,Netbanking,Airline App,Confirmed,,2
BKG100030,19-01-2023,21-01-2023,2,BOM,MAA,GoAir,G8371,1030,Senior,Business,7019,Wallet,Travel Agent,Confirmed,,4
BKG100031,06-01-2023,15-03-2023,68,BOM,BLR,SpiceJet,SG539,980,Child,Business,5572,Cash,Online,Confirmed,,3
BKG100032,15-04-2023,21-06-2023,67,BOM,MAA,GoAir,G8824,1030,Adult,Economy,3466,Netbanking,Travel Agent,Confirmed,,5
BKG100033,16-06-2023,18-06-2023,2,DEL,BOM,SpiceJet,SG207,1150,Child,Economy,3293,Cash,Airline App,Cancelled,Health issues,
BKG100034,31-03-2023,05-04-2023,5,BOM,DEL,GoAir,G8898,1150,Adult,Economy,4379,Cash,Travel Agent,Confirmed,,2
BKG100035,06-02-2023,13-04-2023,66,MAA,DEL,Vistara,UK956,1750,Senior,Economy,5895,Wallet,Travel Agent,Cancelled,Health issues,
BKG100036,21-02-2023,14-04-2023,52,BLR,HYD,Air India,AI604,500,Senior,Economy,1417,Card,Airline App,Confirmed,,4
BKG100037,16-04-2023,18-04-2023,2,BLR,MAA,SpiceJet,SG131,350,Child,Economy,1254,UPI,Airline App,Cancelled,Change in plans,
BKG100038,15-02-2023,11-03-2023,24,BOM,DEL,SpiceJet,SG902,1150,Senior,Business,6454,Card,Airline App,Confirmed,,3
BKG100039,26-03-2023,05-05-2023,40,DEL,MAA,Air India,AI498,1750,Child,Economy,5436,Wallet,Online,Confirmed,,3
BKG100040,16-06-2023,08-08-2023,53,MAA,HYD,SpiceJet,SG895,630,Senior,Business,3882,Wallet,Online,Confirmed,,3
BKG100041,07-06-2023,03-07-2023,26,MAA,DEL,Air India,AI342,1750,Senior,Economy,5235,Card,Travel Agent,Confirmed,,4
BKG100042,18-06-2023,29-06-2023,11,BOM,DEL,Akasa,QP140,1150,Senior,Economy,3900,Card,Airline App,Cancelled,Found better deal,
BKG100043,14-06-2023,21-07-2023,37,MAA,HYD,SpiceJet,SG391,630,Adult,Business,3782,Wallet,Travel Agent,Confirmed,,5
BKG100044,12-02-2023,26-04-2023,73,BLR,MAA,IndiGo,6E375,350,Senior,Economy,1129,Card,Travel Agent,Confirmed,,4
BKG100045,20-06-2023,13-09-2023,85,MAA,BLR,SpiceJet,SG351,350,Child,Economy,1212,UPI,Online,Cancelled,Change in plans,
BKG100046,17-01-2023,02-04-2023,75,BLR,HYD,GoAir,G8613,500,Senior,Economy,1641,Netbanking,Travel Agent,Confirmed,,5
BKG100047,22-05-2023,13-07-2023,52,BOM,DEL,GoAir,G8325,1150,Adult,Economy,3845,Wallet,Travel Agent,Confirmed,,5
BKG100048,30-04-2023,06-07-2023,67,BLR,MAA,SpiceJet,SG578,350,Senior,Economy,898,Cash,Travel Agent,Confirmed,,5
BKG100049,26-06-2023,21-08-2023,56,BOM,MAA,Air India,AI367,1030,Child,Economy,3835,Netbanking,Travel Agent,Cancelled,Health issues,
BKG100050,08-02-2023,19-04-2023,70,DEL,HYD,SpiceJet,SG491,1260,Child,Economy,4998,Netbanking,Travel Agent,Confirmed,,2
BKG100051,05-05-2023,25-07-2023,81,DEL,BLR,GoAir,G8643,1740,Senior,Business,10054,Netbanking,Airline App,Confirmed,,2
BKG100052,23-06-2023,05-08-2023,43,BLR,HYD,Air India,AI746,500,Adult,First,4924,Cash,Online,Confirmed,,4
BKG100053,08-04-2023,07-05-2023,29,DEL,MAA,Air India,AI706,1750,Adult,Economy,6376,Netbanking,Airline App,Cancelled,Change in plans,
BKG100054,11-01-2023,04-04-2023,83,BLR,MAA,IndiGo,6E505,350,Senior,Economy,1280,Cash,Airline App,Confirmed,,3
BKG100055,03-05-2023,22-07-2023,80,MAA,BOM,SpiceJet,SG536,1030,Senior,Economy,2704,Cash,Airline App,Confirmed,,3
BKG100056,26-04-2023,06-05-2023,10,MAA,BOM,Akasa,QP273,1030,Senior,Economy,3775,Card,Online,Confirmed,,1
BKG100057,12-05-2023,23-05-2023,11,BLR,BOM,IndiGo,6E768,980,Senior,Business,5561,UPI,Travel Agent,Confirmed,,4
BKG100058,06-06-2023,29-06-2023,23,BLR,HYD,GoAir,G8664,500,Adult,Business,2830,Card,Travel Agent,Confirmed,,3
BKG100059,01-02-2023,29-03-2023,56,HYD,BOM,SpiceJet,SG644,710,Child,Economy,2273,Wallet,Online,Confirmed,,2
BKG100060,19-06-2023,12-09-2023,85,MAA,HYD,Akasa,QP556,630,Child,Economy,1848,Netbanking,Online,Confirmed,,5
BKG100061,31-03-2023,31-05-2023,61,DEL,HYD,GoAir,G8206,1260,Senior,Economy,3618,Netbanking,Airline App,Confirmed,,5
BKG100062,06-02-2023,01-04-2023,54,HYD,BOM,Air India,AI961,710,Adult,Business,3614,Card,Airline App,Confirmed,,3
BKG100063,27-02-2023,22-04-2023,54,MAA,HYD,Akasa,QP336,630,Senior,Economy,1840,Cash,Online,Confirmed,,5
BKG100064,10-02-2023,02-05-2023,81,MAA,DEL,SpiceJet,SG679,1750,Child,Economy,4525,Cash,Travel Agent,Confirmed,,2
BKG100065,04-02-2023,07-04-2023,62,BOM,BLR,IndiGo,6.00E+241,980,Adult,Economy,3274,Cash,Travel Agent,Confirmed,,1
BKG100066,21-01-2023,09-03-2023,47,BLR,DEL,Vistara,UK533,1740,Child,Economy,6760,Card,Online,Confirmed,,4
BKG100067,12-04-2023,19-05-2023,37,BLR,DEL,SpiceJet,SG742,1740,Senior,Economy,4781,Cash,Online,Confirmed,,1
BKG100068,08-06-2023,26-06-2023,18,HYD,BLR,Akasa,QP372,500,Child,Economy,1470,Netbanking,Travel Agent,Confirmed,,3
BKG100069,27-05-2023,20-07-2023,54,HYD,BOM,Akasa,QP717,710,Child,Economy,1992,Card,Online,Confirmed,,4
BKG100070,08-06-2023,26-08-2023,79,BOM,DEL,Vistara,UK103,1150,Senior,Economy,3958,Card,Online,Confirmed,,4
BKG100071,22-03-2023,23-05-2023,62,HYD,MAA,SpiceJet,SG112,630,Adult,Economy,1850,Netbanking,Travel Agent,Cancelled,Found better deal,
BKG100072,14-05-2023,18-07-2023,65,HYD,BLR,GoAir,G8419,500,Senior,Economy,1389,Netbanking,Travel Agent,Confirmed,,5
BKG100073,12-02-2023,09-05-2023,86,BLR,MAA,SpiceJet,SG890,350,Child,Economy,983,UPI,Travel Agent,Confirmed,,4
BKG100074,31-03-2023,06-05-2023,36,HYD,BLR,SpiceJet,SG698,500,Adult,Economy,1970,Cash,Travel Agent,Confirmed,,2
BKG100075,22-05-2023,15-08-2023,85,BLR,BOM,GoAir,G8530,980,Senior,Economy,2867,Card,Online,Pending,,
BKG100076,14-06-2023,10-08-2023,57,HYD,MAA,Akasa,QP905,630,Senior,Business,4263,Netbanking,Online,Confirmed,,2
BKG100077,19-05-2023,31-07-2023,73,BOM,DEL,IndiGo,6E762,1150,Child,Business,6526,UPI,Travel Agent,Confirmed,,4
BKG100078,01-05-2023,02-07-2023,62,BLR,DEL,Vistara,UK171,1740,Adult,Economy,5166,UPI,Airline App,Confirmed,,3
BKG100079,13-05-2023,21-05-2023,8,HYD,MAA,Vistara,UK763,630,Child,Business,3441,Wallet,Online,Confirmed,,5
BKG100080,05-03-2023,01-06-2023,88,MAA,DEL,Akasa,QP689,1750,Senior,Economy,5185,Netbanking,Travel Agent,Cancelled,High ticket price,
BKG100081,17-02-2023,22-02-2023,5,DEL,BOM,Air India,AI309,1150,Senior,Economy,4463,Cash,Travel Agent,Confirmed,,5
BKG100082,09-02-2023,10-04-2023,60,HYD,BLR,GoAir,G8911,500,Child,Economy,1660,Card,Online,Confirmed,,1
BKG100083,04-06-2023,10-06-2023,6,BLR,DEL,IndiGo,6E378,1740,Child,Economy,4750,UPI,Online,Pending,,
BKG100084,19-04-2023,26-06-2023,68,MAA,DEL,Air India,AI513,1750,Adult,Economy,6753,Card,Travel Agent,Confirmed,,4
BKG100085,18-01-2023,29-03-2023,70,DEL,MAA,Vistara,UK174,1750,Child,Economy,5902,Netbanking,Travel Agent,Confirmed,,1
BKG100086,17-05-2023,01-06-2023,15,DEL,BLR,Akasa,QP520,1740,Adult,Economy,6811,Cash,Online,Cancelled,Other,
BKG100087,01-01-2023,05-02-2023,35,DEL,BLR,Vistara,UK216,1740,Adult,Business,9780,Wallet,Airline App,Confirmed,,4
BKG100088,26-05-2023,23-06-2023,28,MAA,HYD,Vistara,UK691,630,Adult,Economy,2120,Wallet,Airline App,Confirmed,,3
BKG100089,10-04-2023,22-04-2023,12,BOM,HYD,Akasa,QP281,710,Child,Economy,2111,Cash,Airline App,Confirmed,,2
BKG100090,07-01-2023,20-01-2023,13,BLR,MAA,IndiGo,6.00E+161,350,Child,Economy,1231,UPI,Travel Agent,Confirmed,,3
BKG100091,18-01-2023,16-04-2023,88,BOM,DEL,SpiceJet,SG887,1150,Senior,Economy,4427,UPI,Online,Confirmed,,1
BKG100092,07-03-2023,14-05-2023,68,MAA,HYD,Vistara,UK813,630,Senior,Economy,1756,Netbanking,Travel Agent,Confirmed,,4
BKG100093,03-06-2023,31-07-2023,58,HYD,DEL,SpiceJet,SG690,1260,Child,Business,8541,Card,Airline App,Confirmed,,1
BKG100094,17-06-2023,28-08-2023,72,BOM,BLR,GoAir,G8298,980,Senior,Economy,3810,Netbanking,Airline App,Confirmed,,4
BKG100095,10-04-2023,28-04-2023,18,MAA,HYD,IndiGo,6E915,630,Senior,Business,3806,Wallet,Online,Confirmed,,2
BKG100096,01-04-2023,20-06-2023,80,HYD,BOM,Akasa,QP503,710,Senior,Economy,2760,Wallet,Airline App,Pending,,
BKG100097,13-03-2023,19-05-2023,67,BLR,HYD,Vistara,UK246,500,Child,Economy,1887,Card,Online,Confirmed,,2
BKG100098,09-03-2023,25-05-2023,77,MAA,DEL,GoAir,G8221,1750,Senior,Economy,6245,Wallet,Online,Confirmed,,4
BKG100099,28-06-2023,30-06-2023,2,DEL,HYD,Air India,AI477,1260,Child,Business,7994,Cash,Online,Pending,,
BKG100100,20-06-2023,30-08-2023,71,MAA,BOM,IndiGo,6.00E+173,1030,Senior,Economy,3959,Wallet,Airline App,Confirmed,,4
BKG100101,12-05-2023,10-07-2023,59,DEL,HYD,GoAir,G8280,1260,Senior,Economy,3746,Card,Travel Agent,Confirmed,,2
BKG100102,24-05-2023,16-07-2023,53,MAA,DEL,IndiGo,6E871,1750,Adult,Economy,4487,UPI,Online,Confirmed,,3
BKG100103,12-06-2023,28-08-2023,77,HYD,MAA,Vistara,UK793,630,Adult,Business,3150,UPI,Airline App,Confirmed,,4
BKG100104,13-06-2023,16-08-2023,64,DEL,BOM,Vistara,UK234,1150,Child,Business,6430,Netbanking,Travel Agent,Cancelled,Change in plans,
BKG100105,13-01-2023,12-02-2023,30,DEL,BLR,GoAir,G8269,1740,Child,Economy,4917,Netbanking,Travel Agent,Cancelled,Found better deal,
BKG100106,23-04-2023,18-06-2023,56,BLR,HYD,Vistara,UK359,500,Adult,Business,3477,Card,Online,Cancelled,Other,
BKG100107,11-02-2023,27-03-2023,44,HYD,MAA,Akasa,QP838,630,Senior,Economy,1844,Netbanking,Travel Agent,Confirmed,,1
BKG100108,30-05-2023,21-06-2023,22,BLR,HYD,SpiceJet,SG276,500,Senior,Economy,1945,Card,Airline App,Confirmed,,5
BKG100109,20-01-2023,24-02-2023,35,BOM,HYD,SpiceJet,SG447,710,Senior,Economy,1827,Card,Travel Agent,Confirmed,,5
BKG100110,18-03-2023,14-06-2023,88,BOM,DEL,Air India,AI173,1150,Adult,Economy,3729,Netbanking,Travel Agent,Cancelled,Health issues,
BKG100111,10-01-2023,20-02-2023,41,BLR,BOM,Air India,AI482,980,Child,Economy,3199,Cash,Airline App,Cancelled,Change in plans,
BKG100112,23-02-2023,09-05-2023,75,DEL,BLR,SpiceJet,SG117,1740,Adult,Economy,6576,Cash,Online,Pending,,
BKG100113,25-01-2023,21-04-2023,86,BOM,MAA,IndiGo,6E729,1030,Adult,Business,5855,Cash,Airline App,Confirmed,,5
BKG100114,20-02-2023,09-04-2023,48,BLR,DEL,GoAir,G8713,1740,Child,Economy,5556,Wallet,Travel Agent,Pending,,
BKG100115,27-04-2023,15-06-2023,49,BLR,DEL,SpiceJet,SG702,1740,Adult,Economy,5327,Netbanking,Travel Agent,Confirmed,,4
BKG100116,18-02-2023,08-03-2023,18,HYD,BOM,IndiGo,6E644,710,Adult,Economy,1836,Card,Online,Cancelled,Found better deal,
BKG100117,23-04-2023,02-07-2023,70,BOM,HYD,Akasa,QP399,710,Adult,Business,3901,Cash,Travel Agent,Confirmed,,3
BKG100118,20-06-2023,29-07-2023,39,BOM,DEL,IndiGo,6E927,1150,Adult,Economy,3623,Wallet,Airline App,Confirmed,,4
BKG100119,25-02-2023,17-05-2023,81,BOM,MAA,Akasa,QP892,1030,Adult,Economy,3355,Card,Airline App,Pending,,
BKG100120,05-04-2023,12-05-2023,37,BLR,MAA,Air India,AI784,350,Senior,Economy,1194,Netbanking,Online,Confirmed,,4
BKG100121,15-05-2023,04-07-2023,50,BLR,BOM,SpiceJet,SG141,980,Adult,Economy,3601,UPI,Online,Confirmed,,4
BKG100122,29-06-2023,13-09-2023,76,MAA,DEL,SpiceJet,SG427,1750,Senior,First,15018,UPI,Online,Confirmed,,4
BKG100123,11-05-2023,05-07-2023,55,BOM,DEL,SpiceJet,SG240,1150,Senior,Economy,4282,Wallet,Travel Agent,Confirmed,,4
BKG100124,25-05-2023,08-07-2023,44,HYD,MAA,Air India,AI272,630,Child,Economy,1652,Card,Travel Agent,Confirmed,,1
BKG100125,29-03-2023,27-04-2023,29,HYD,MAA,IndiGo,6E701,630,Child,Economy,1819,Card,Online,Confirmed,,1
BKG100126,14-03-2023,12-06-2023,90,MAA,BLR,Air India,AI492,350,Child,Business,2208,Wallet,Online,Confirmed,,4
BKG100127,25-04-2023,22-07-2023,88,BOM,DEL,SpiceJet,SG283,1150,Child,Economy,3428,Card,Travel Agent,Confirmed,,4
BKG100128,30-04-2023,10-06-2023,41,DEL,HYD,SpiceJet,SG772,1260,Adult,Economy,3238,Cash,Travel Agent,Confirmed,,2
BKG100129,20-01-2023,22-02-2023,33,MAA,HYD,Vistara,UK799,630,Adult,Business,3475,Card,Airline App,Confirmed,,2
BKG100130,14-05-2023,27-05-2023,13,HYD,BLR,Vistara,UK652,500,Senior,Economy,1949,UPI,Airline App,Cancelled,Change in plans,
BKG100131,22-06-2023,27-06-2023,5,HYD,BLR,GoAir,G8100,500,Senior,Business,3125,Netbanking,Airline App,Confirmed,,4
BKG100132,01-05-2023,16-07-2023,76,BOM,BLR,Air India,AI124,980,Child,First,9226,Netbanking,Travel Agent,Confirmed,,3
BKG100133,28-06-2023,07-07-2023,9,MAA,HYD,Air India,AI647,630,Senior,Economy,1592,Cash,Airline App,Confirmed,,4
BKG100134,21-02-2023,05-04-2023,43,MAA,HYD,Akasa,QP686,630,Adult,First,5421,UPI,Airline App,Cancelled,Found better deal,
BKG100135,15-01-2023,22-02-2023,38,BOM,HYD,IndiGo,6.00E+193,710,Child,Economy,2273,Card,Travel Agent,Confirmed,,5
BKG100136,15-03-2023,04-06-2023,81,HYD,BLR,Akasa,QP462,500,Senior,Business,3382,Netbanking,Online,Confirmed,,3
BKG100137,30-03-2023,01-05-2023,32,BOM,DEL,SpiceJet,SG168,1150,Senior,Economy,3131,Wallet,Airline App,Confirmed,,1
BKG100138,02-04-2023,09-06-2023,68,HYD,DEL,Vistara,UK989,1260,Adult,Economy,3325,Wallet,Airline App,Confirmed,,2
BKG100139,29-01-2023,14-02-2023,16,MAA,BOM,GoAir,G8333,1030,Senior,Business,6950,Netbanking,Travel Agent,Confirmed,,2
BKG100140,10-01-2023,16-03-2023,65,BOM,DEL,SpiceJet,SG824,1150,Adult,Economy,4222,Netbanking,Travel Agent,Confirmed,,1
BKG100141,18-04-2023,25-04-2023,7,BOM,MAA,IndiGo,6E387,1030,Senior,Business,5624,Wallet,Travel Agent,Confirmed,,4
BKG100142,23-03-2023,29-05-2023,67,HYD,BOM,Air India,AI802,710,Child,Economy,2691,Card,Airline App,Confirmed,,5
BKG100143,07-05-2023,19-07-2023,73,HYD,DEL,Vistara,UK332,1260,Adult,Business,7677,UPI,Airline App,Pending,,
BKG100144,10-03-2023,05-05-2023,56,HYD,DEL,Air India,AI454,1260,Senior,First,11739,Wallet,Airline App,Confirmed,,5
BKG100145,20-05-2023,03-08-2023,75,BLR,MAA,Vistara,UK449,350,Child,Business,1937,Cash,Travel Agent,Cancelled,Found better deal,
BKG100146,11-01-2023,15-03-2023,63,BOM,HYD,GoAir,G8291,710,Child,Economy,1937,Card,Travel Agent,Confirmed,,2
BKG100147,07-01-2023,17-02-2023,41,HYD,BOM,Vistara,UK301,710,Adult,Economy,2806,UPI,Online,Confirmed,,4
BKG100148,03-02-2023,03-05-2023,89,MAA,HYD,GoAir,G8273,630,Adult,Economy,1637,Wallet,Travel Agent,Confirmed,,2
BKG100149,30-06-2023,13-09-2023,75,BLR,MAA,Air India,AI979,350,Child,Economy,1378,Wallet,Online,Confirmed,,3
BKG100150,29-01-2023,13-04-2023,74,HYD,BLR,Vistara,UK516,500,Adult,Business,3396,Netbanking,Travel Agent,Confirmed,,3
BKG100151,11-05-2023,13-06-2023,33,BOM,HYD,IndiGo,6E762,710,Adult,Business,4699,Wallet,Online,Confirmed,,4
BKG100152,30-04-2023,07-06-2023,38,BLR,HYD,GoAir,G8990,500,Senior,Economy,1291,Cash,Travel Agent,Cancelled,High ticket price,
BKG100153,18-02-2023,30-03-2023,40,BLR,HYD,IndiGo,6E781,500,Child,First,4733,UPI,Airline App,Confirmed,,3
BKG100154,01-05-2023,29-05-2023,28,BLR,BOM,GoAir,G8866,980,Senior,Economy,3434,UPI,Travel Agent,Confirmed,,2
BKG100155,17-06-2023,07-07-2023,20,HYD,DEL,GoAir,G8923,1260,Senior,Economy,4545,Card,Airline App,Pending,,
BKG100156,14-04-2023,13-07-2023,90,BOM,BLR,Air India,AI499,980,Senior,Economy,3875,Wallet,Online,Confirmed,,1
BKG100157,11-03-2023,18-03-2023,7,DEL,HYD,SpiceJet,SG610,1260,Senior,Economy,3512,Netbanking,Airline App,Cancelled,Found better deal,
BKG100158,04-02-2023,09-04-2023,64,DEL,HYD,Akasa,QP512,1260,Adult,Economy,3242,Card,Travel Agent,Cancelled,Found better deal,
BKG100159,15-01-2023,15-03-2023,59,DEL,MAA,SpiceJet,SG392,1750,Senior,First,14512,UPI,Airline App,Confirmed,,4
BKG100160,12-04-2023,09-05-2023,27,MAA,BLR,SpiceJet,SG908,350,Adult,First,3000,Wallet,Online,Cancelled,Health issues,
BKG100161,30-05-2023,10-06-2023,11,BOM,MAA,Vistara,UK120,1030,Senior,Business,5678,UPI,Online,Confirmed,,1
BKG100162,13-05-2023,23-06-2023,41,DEL,MAA,Akasa,QP760,1750,Child,Economy,5114,Netbanking,Airline App,Confirmed,,2
BKG100163,14-01-2023,27-03-2023,72,MAA,HYD,SpiceJet,SG449,630,Senior,Economy,1866,Netbanking,Online,Confirmed,,3
BKG100164,31-01-2023,18-04-2023,77,HYD,BLR,Air India,AI151,500,Child,Economy,1602,Netbanking,Airline App,Confirmed,,1
BKG100165,29-03-2023,14-04-2023,16,BLR,BOM,IndiGo,6E786,980,Child,Economy,3540,Cash,Online,Confirmed,,1
BKG100166,24-06-2023,09-08-2023,46,HYD,BOM,GoAir,G8953,710,Adult,Economy,2398,Wallet,Airline App,Confirmed,,5
BKG100167,22-06-2023,20-07-2023,28,BLR,DEL,Akasa,QP734,1740,Adult,Business,10405,Netbanking,Airline App,Cancelled,Change in plans,
BKG100168,26-02-2023,22-03-2023,24,HYD,MAA,GoAir,G8281,630,Child,Economy,1611,Wallet,Online,Cancelled,Health issues,
BKG100169,06-06-2023,04-08-2023,59,HYD,BLR,Vistara,UK868,500,Adult,Business,2846,Wallet,Travel Agent,Confirmed,,2
BKG100170,02-01-2023,22-03-2023,79,BOM,HYD,IndiGo,6E343,710,Senior,Economy,1873,Card,Online,Cancelled,Other,
BKG100171,07-06-2023,21-06-2023,14,BLR,DEL,GoAir,G8346,1740,Adult,Economy,5506,Cash,Airline App,Confirmed,,2
BKG100172,09-05-2023,20-05-2023,11,HYD,BOM,IndiGo,6E819,710,Child,Business,4787,Cash,Airline App,Cancelled,Health issues,
BKG100173,20-03-2023,03-05-2023,44,HYD,MAA,Vistara,UK623,630,Adult,Economy,1847,Cash,Airline App,Confirmed,,4
BKG100174,27-03-2023,24-05-2023,58,HYD,DEL,Air India,AI598,1260,Adult,Economy,3190,Netbanking,Airline App,Confirmed,,1
BKG100175,22-02-2023,05-05-2023,72,BOM,DEL,GoAir,G8806,1150,Child,Economy,3004,Cash,Online,Confirmed,,2
BKG100176,06-01-2023,14-01-2023,8,MAA,HYD,Akasa,QP536,630,Child,Business,4264,Cash,Travel Agent,Confirmed,,3
BKG100177,04-01-2023,07-02-2023,34,HYD,BOM,IndiGo,6E350,710,Adult,Economy,2100,Netbanking,Travel Agent,Confirmed,,4
BKG100178,23-03-2023,01-05-2023,39,BLR,HYD,IndiGo,6E778,500,Adult,Economy,1424,UPI,Online,Confirmed,,2
BKG100179,23-05-2023,02-07-2023,40,BLR,MAA,GoAir,G8849,350,Senior,Business,2143,Netbanking,Online,Confirmed,,4
BKG100180,12-01-2023,26-03-2023,73,BLR,DEL,Air India,AI135,1740,Child,Business,8707,Card,Airline App,Cancelled,Found better deal,
BKG100181,03-01-2023,08-03-2023,64,DEL,MAA,GoAir,G8626,1750,Child,Economy,6722,Wallet,Travel Agent,Cancelled,High ticket price,
BKG100182,02-06-2023,19-08-2023,78,DEL,BLR,SpiceJet,SG611,1740,Senior,Economy,6185,Cash,Online,Confirmed,,5
BKG100183,01-03-2023,02-03-2023,1,HYD,BLR,GoAir,G8691,500,Senior,First,3605,Netbanking,Travel Agent,Cancelled,High ticket price,
BKG100184,01-01-2023,25-01-2023,24,BOM,BLR,GoAir,G8679,980,Senior,Economy,3577,Cash,Online,Confirmed,,3
BKG100185,11-05-2023,29-06-2023,49,DEL,BLR,IndiGo,6.00E+280,1740,Child,Business,11237,Wallet,Online,Confirmed,,4
BKG100186,17-02-2023,28-03-2023,39,DEL,MAA,Akasa,QP278,1750,Adult,First,14152,Wallet,Online,Confirmed,,4
BKG100187,15-02-2023,09-03-2023,22,DEL,BOM,SpiceJet,SG320,1150,Adult,Economy,3179,Netbanking,Online,Confirmed,,3
BKG100188,01-02-2023,21-02-2023,20,BOM,HYD,Akasa,QP328,710,Adult,Economy,2394,Netbanking,Travel Agent,Confirmed,,5
BKG100189,24-04-2023,10-06-2023,47,MAA,BLR,Vistara,UK905,350,Senior,Economy,913,Card,Travel Agent,Confirmed,,5
BKG100190,11-01-2023,10-02-2023,30,DEL,BLR,GoAir,G8839,1740,Child,Economy,5534,Card,Online,Confirmed,,5
BKG100191,07-02-2023,21-03-2023,42,MAA,HYD,Air India,AI124,630,Child,Economy,2343,Wallet,Travel Agent,Confirmed,,2
BKG100192,24-06-2023,08-08-2023,45,DEL,BLR,Vistara,UK593,1740,Child,Business,8861,Wallet,Airline App,Confirmed,,3
BKG100193,28-05-2023,20-08-2023,84,MAA,BLR,Akasa,QP789,350,Senior,Economy,1364,Wallet,Online,Confirmed,,2
BKG100194,03-06-2023,21-08-2023,79,BLR,MAA,SpiceJet,SG985,350,Senior,Economy,1054,UPI,Travel Agent,Confirmed,,1
BKG100195,12-05-2023,14-05-2023,2,DEL,MAA,Air India,AI599,1750,Child,Economy,5811,Netbanking,Online,Pending,,
BKG100196,24-04-2023,19-05-2023,25,DEL,HYD,SpiceJet,SG466,1260,Adult,Economy,3959,Wallet,Online,Confirmed,,2
BKG100197,24-05-2023,26-06-2023,33,HYD,BLR,GoAir,G8361,500,Senior,Economy,1252,UPI,Online,Confirmed,,2
BKG100198,31-01-2023,23-04-2023,82,MAA,HYD,Akasa,QP241,630,Child,Economy,2016,Cash,Travel Agent,Confirmed,,1
BKG100199,03-04-2023,01-05-2023,28,MAA,BLR,SpiceJet,SG743,350,Child,Economy,1218,Netbanking,Online,Confirmed,,3
BKG100200,19-06-2023,09-07-2023,20,DEL,MAA,Vistara,UK837,1750,Adult,Economy,4518,Netbanking,Airline App,Confirmed,,2
BKG100201,02-05-2023,03-07-2023,62,MAA,HYD,SpiceJet,SG305,630,Child,Business,3268,Netbanking,Online,Confirmed,,3
BKG100202,15-03-2023,11-06-2023,88,HYD,DEL,IndiGo,6E625,1260,Child,Economy,4416,Cash,Online,Confirmed,,1
BKG100203,08-02-2023,07-04-2023,58,BOM,MAA,Akasa,QP288,1030,Child,Economy,3744,UPI,Airline App,Confirmed,,4
BKG100204,17-01-2023,14-02-2023,28,HYD,DEL,SpiceJet,SG854,1260,Child,Business,7461,UPI,Online,Confirmed,,3
BKG100205,18-06-2023,21-08-2023,64,DEL,BLR,GoAir,G8196,1740,Adult,Economy,6785,Netbanking,Online,Confirmed,,1
BKG100206,13-03-2023,05-06-2023,84,DEL,BOM,Vistara,UK628,1150,Child,Business,7043,Netbanking,Airline App,Cancelled,High ticket price,
BKG100207,04-04-2023,22-05-2023,48,BOM,HYD,Akasa,QP452,710,Adult,Economy,2507,UPI,Travel Agent,Confirmed,,5
BKG100208,02-05-2023,11-05-2023,9,DEL,BLR,Air India,AI752,1740,Adult,Business,10599,Cash,Airline App,Confirmed,,1
BKG100209,14-04-2023,26-05-2023,42,HYD,MAA,SpiceJet,SG405,630,Senior,Economy,2450,Netbanking,Travel Agent,Cancelled,Health issues,
BKG100210,20-06-2023,14-09-2023,86,HYD,MAA,SpiceJet,SG289,630,Child,Business,4208,Cash,Airline App,Cancelled,Found better deal,
BKG100211,12-06-2023,24-06-2023,12,DEL,HYD,Vistara,UK805,1260,Adult,Economy,4627,UPI,Travel Agent,Confirmed,,5
BKG100212,07-04-2023,22-04-2023,15,MAA,HYD,Air India,AI777,630,Senior,First,6194,Cash,Airline App,Confirmed,,1
BKG100213,26-02-2023,21-05-2023,84,DEL,BLR,SpiceJet,SG599,1740,Child,Business,9351,Wallet,Travel Agent,Confirmed,,1
BKG100214,29-01-2023,12-03-2023,42,HYD,BLR,GoAir,G8444,500,Senior,First,3873,Wallet,Travel Agent,Confirmed,,5
BKG100215,02-04-2023,17-05-2023,45,BLR,DEL,Akasa,QP731,1740,Senior,Business,9016,Netbanking,Online,Cancelled,Health issues,
BKG100216,07-01-2023,30-01-2023,23,BLR,DEL,Akasa,QP506,1740,Senior,Economy,5548,Netbanking,Airline App,Confirmed,,1
BKG100217,15-05-2023,14-06-2023,30,MAA,BLR,Akasa,QP751,350,Senior,Economy,1252,Card,Travel Agent,Cancelled,Health issues,
BKG100218,04-03-2023,12-03-2023,8,MAA,DEL,Akasa,QP840,1750,Adult,Economy,5038,Wallet,Travel Agent,Pending,,
BKG100219,18-03-2023,29-04-2023,42,HYD,DEL,Air India,AI781,1260,Adult,Economy,3312,Wallet,Online,Confirmed,,4
BKG100220,05-02-2023,15-02-2023,10,MAA,HYD,GoAir,G8846,630,Adult,Economy,2381,Wallet,Travel Agent,Confirmed,,5
BKG100221,06-01-2023,20-02-2023,45,BOM,DEL,Air India,AI479,1150,Adult,Business,7089,Card,Online,Confirmed,,5
BKG100222,04-03-2023,01-06-2023,89,MAA,BOM,IndiGo,6E437,1030,Child,Business,6621,Netbanking,Airline App,Pending,,
BKG100223,21-03-2023,13-05-2023,53,BLR,HYD,Akasa,QP511,500,Child,Business,2725,Netbanking,Travel Agent,Confirmed,,5
BKG100224,02-05-2023,31-07-2023,90,BOM,MAA,Akasa,QP884,1030,Child,Economy,2733,Wallet,Travel Agent,Confirmed,,5
BKG100225,02-01-2023,15-02-2023,44,BLR,HYD,Air India,AI127,500,Senior,Economy,1588,Netbanking,Online,Cancelled,Other,
BKG100226,06-03-2023,30-05-2023,85,BOM,HYD,SpiceJet,SG830,710,Senior,Economy,2607,Netbanking,Airline App,Cancelled,Other,
BKG100227,13-04-2023,22-05-2023,39,HYD,DEL,Akasa,QP252,1260,Senior,Economy,3248,Card,Online,Confirmed,,4
BKG100228,30-03-2023,06-04-2023,7,HYD,BOM,IndiGo,6E968,710,Adult,Business,4844,Cash,Online,Confirmed,,2
BKG100229,04-03-2023,17-03-2023,13,MAA,BOM,Akasa,QP592,1030,Child,Economy,2900,Cash,Online,Confirmed,,5
BKG100230,23-05-2023,28-06-2023,36,BOM,BLR,Akasa,QP573,980,Child,Economy,2697,Card,Travel Agent,Confirmed,,4
BKG100231,26-01-2023,13-02-2023,18,BOM,MAA,Akasa,QP223,1030,Senior,Economy,3124,UPI,Airline App,Confirmed,,1
BKG100232,23-03-2023,17-04-2023,25,BOM,BLR,Air India,AI138,980,Adult,First,8402,Card,Online,Confirmed,,3
BKG100233,20-06-2023,03-08-2023,44,MAA,HYD,Air India,AI580,630,Adult,Business,3861,Netbanking,Travel Agent,Cancelled,Health issues,
BKG100234,29-04-2023,04-07-2023,66,BLR,DEL,Vistara,UK772,1740,Child,Economy,6033,Netbanking,Travel Agent,Confirmed,,3
BKG100235,10-04-2023,21-04-2023,11,HYD,MAA,Vistara,UK614,630,Senior,Business,4254,Cash,Airline App,Confirmed,,3
BKG100236,09-05-2023,02-06-2023,24,BLR,HYD,Akasa,QP150,500,Senior,Economy,1286,Card,Airline App,Cancelled,Other,
BKG100237,26-05-2023,30-07-2023,65,BLR,MAA,Air India,AI248,350,Child,Business,1817,Netbanking,Airline App,Confirmed,,2
BKG100238,09-02-2023,27-03-2023,46,HYD,BOM,Air India,AI304,710,Child,Business,4065,Card,Travel Agent,Pending,,
BKG100239,02-02-2023,17-02-2023,15,BLR,BOM,SpiceJet,SG214,980,Child,Business,5313,Netbanking,Travel Agent,Confirmed,,2
BKG100240,06-04-2023,03-07-2023,88,DEL,BOM,Vistara,UK912,1150,Senior,Business,6315,Cash,Travel Agent,Confirmed,,5
BKG100241,17-02-2023,28-02-2023,11,MAA,HYD,Akasa,QP255,630,Senior,Business,3583,Wallet,Online,Cancelled,Health issues,
BKG100242,20-01-2023,05-02-2023,16,BOM,BLR,Air India,AI539,980,Senior,Economy,3395,Netbanking,Online,Confirmed,,4
BKG100243,10-03-2023,15-05-2023,66,MAA,BLR,IndiGo,6E648,350,Child,Business,1940,UPI,Online,Confirmed,,3
BKG100244,20-05-2023,31-05-2023,11,MAA,BOM,Vistara,UK532,1030,Adult,Business,5809,Wallet,Travel Agent,Confirmed,,3
BKG100245,27-03-2023,05-05-2023,39,HYD,BOM,Air India,AI778,710,Child,Economy,2100,Netbanking,Online,Confirmed,,4
BKG100246,26-03-2023,17-04-2023,22,MAA,DEL,Akasa,QP547,1750,Adult,Economy,6305,Cash,Travel Agent,Confirmed,,1
BKG100247,30-05-2023,15-07-2023,46,MAA,HYD,Air India,AI630,630,Child,Economy,2263,Card,Travel Agent,Cancelled,Change in plans,
BKG100248,30-04-2023,14-06-2023,45,DEL,HYD,GoAir,G8662,1260,Child,Business,8283,Cash,Travel Agent,Confirmed,,2
BKG100249,27-01-2023,20-04-2023,83,MAA,BOM,SpiceJet,SG350,1030,Child,First,8127,Cash,Travel Agent,Confirmed,,2
BKG100250,05-02-2023,21-02-2023,16,BOM,BLR,Vistara,UK498,980,Child,Economy,3136,Card,Airline App,Confirmed,,3
BKG100251,02-01-2023,26-01-2023,24,BOM,HYD,Akasa,QP509,710,Child,Economy,2702,Card,Airline App,Pending,,
BKG100252,01-01-2023,22-03-2023,80,BLR,DEL,IndiGo,6E781,1740,Senior,Business,11166,UPI,Online,Confirmed,,2
BKG100253,03-02-2023,19-04-2023,75,DEL,BLR,Vistara,UK396,1740,Adult,Economy,5899,UPI,Airline App,Confirmed,,5
BKG100254,22-03-2023,08-05-2023,47,BOM,MAA,Vistara,UK936,1030,Child,Business,5403,Wallet,Travel Agent,Pending,,
BKG100255,12-06-2023,01-09-2023,81,MAA,BLR,Air India,AI238,350,Child,Economy,1220,UPI,Airline App,Confirmed,,4
BKG100256,26-04-2023,01-05-2023,5,MAA,BLR,Air India,AI878,350,Senior,Economy,942,Cash,Airline App,Confirmed,,4
BKG100257,09-02-2023,25-02-2023,16,DEL,BLR,Akasa,QP971,1740,Senior,Business,11938,Netbanking,Online,Confirmed,,1
BKG100258,19-02-2023,19-04-2023,59,MAA,DEL,SpiceJet,SG722,1750,Child,Economy,4380,Card,Online,Confirmed,,3
BKG100259,01-03-2023,24-04-2023,54,BLR,BOM,GoAir,G8107,980,Senior,Economy,3289,Netbanking,Online,Pending,,
BKG100260,21-05-2023,26-06-2023,36,DEL,HYD,SpiceJet,SG400,1260,Senior,Business,7098,Cash,Travel Agent,Confirmed,,4
BKG100261,30-03-2023,28-05-2023,59,MAA,BLR,Air India,AI255,350,Adult,Economy,1340,UPI,Airline App,Confirmed,,1
BKG100262,03-02-2023,15-03-2023,40,BOM,MAA,Akasa,QP100,1030,Child,Economy,2577,Card,Airline App,Confirmed,,2
BKG100263,10-06-2023,11-07-2023,31,HYD,BLR,GoAir,G8469,500,Senior,Business,2915,Wallet,Airline App,Confirmed,,5
BKG100264,28-02-2023,01-05-2023,62,BOM,DEL,Air India,AI346,1150,Child,Economy,4477,Cash,Online,Confirmed,,1
BKG100265,07-03-2023,25-03-2023,18,MAA,BOM,Vistara,UK974,1030,Child,First,10104,UPI,Airline App,Confirmed,,3
BKG100266,02-06-2023,09-07-2023,37,BLR,HYD,GoAir,G8315,500,Adult,First,3693,Netbanking,Travel Agent,Confirmed,,5
BKG100267,05-01-2023,22-01-2023,17,DEL,HYD,Air India,AI106,1260,Senior,First,12276,Wallet,Airline App,Confirmed,,2
BKG100268,26-01-2023,24-03-2023,57,HYD,BOM,Akasa,QP767,710,Senior,Economy,2624,Wallet,Travel Agent,Pending,,
BKG100269,06-05-2023,24-05-2023,18,BLR,HYD,Akasa,QP654,500,Child,Economy,1841,Wallet,Online,Pending,,
BKG100270,08-01-2023,26-02-2023,49,BOM,HYD,Akasa,QP435,710,Child,Economy,2747,Wallet,Travel Agent,Confirmed,,3
BKG100271,06-06-2023,17-08-2023,72,HYD,DEL,GoAir,G8658,1260,Adult,Economy,4642,Netbanking,Online,Pending,,
BKG100272,25-03-2023,02-06-2023,69,BLR,BOM,Vistara,UK131,980,Adult,Economy,3491,Wallet,Travel Agent,Cancelled,Health issues,
BKG100273,10-05-2023,17-05-2023,7,HYD,BLR,Vistara,UK390,500,Adult,Economy,1385,Card,Travel Agent,Confirmed,,3
BKG100274,27-04-2023,30-06-2023,64,DEL,HYD,Akasa,QP995,1260,Adult,Economy,4773,Netbanking,Online,Confirmed,,5
BKG100275,07-01-2023,10-03-2023,62,MAA,BOM,Vistara,UK322,1030,Child,Business,6617,Card,Online,Confirmed,,5
BKG100276,28-04-2023,11-06-2023,44,BLR,HYD,GoAir,G8130,500,Senior,Economy,1516,Netbanking,Airline App,Confirmed,,4
BKG100277,11-02-2023,31-03-2023,48,BOM,BLR,SpiceJet,SG351,980,Adult,Economy,3103,UPI,Online,Confirmed,,1
BKG100278,15-06-2023,11-08-2023,57,HYD,BOM,IndiGo,6E986,710,Adult,Economy,2574,Card,Travel Agent,Confirmed,,4
BKG100279,26-06-2023,17-09-2023,83,DEL,BOM,SpiceJet,SG542,1150,Senior,Economy,4124,UPI,Travel Agent,Pending,,
BKG100280,28-06-2023,06-08-2023,39,DEL,HYD,GoAir,G8490,1260,Adult,Business,7910,Card,Online,Confirmed,,1
BKG100281,24-05-2023,19-07-2023,56,DEL,HYD,Air India,AI123,1260,Adult,Economy,5007,Wallet,Online,Confirmed,,1
BKG100282,14-06-2023,16-06-2023,2,BLR,DEL,IndiGo,6E453,1740,Senior,Economy,6013,Card,Travel Agent,Confirmed,,1
BKG100283,07-02-2023,22-03-2023,43,HYD,BOM,Akasa,QP706,710,Child,Business,4010,Cash,Airline App,Confirmed,,3
BKG100284,06-03-2023,15-04-2023,40,HYD,MAA,Vistara,UK785,630,Adult,Business,3647,UPI,Travel Agent,Cancelled,Found better deal,
BKG100285,10-04-2023,29-05-2023,49,BOM,HYD,GoAir,G8165,710,Adult,Business,4346,Netbanking,Airline App,Confirmed,,1
BKG100286,14-05-2023,09-06-2023,26,DEL,BOM,SpiceJet,SG550,1150,Child,Economy,4185,UPI,Airline App,Cancelled,High ticket price,
BKG100287,19-03-2023,03-06-2023,76,BOM,DEL,IndiGo,6.00E+232,1150,Senior,Economy,4508,Card,Travel Agent,Confirmed,,4
BKG100288,27-06-2023,29-08-2023,63,MAA,DEL,SpiceJet,SG783,1750,Senior,Economy,5062,Cash,Airline App,Cancelled,Found better deal,
BKG100289,19-01-2023,07-02-2023,19,HYD,DEL,SpiceJet,SG500,1260,Adult,Economy,3347,Card,Airline App,Confirmed,,3
BKG100290,05-06-2023,13-08-2023,69,BOM,MAA,IndiGo,6E931,1030,Senior,Economy,2792,Card,Travel Agent,Cancelled,Change in plans,
BKG100291,25-05-2023,17-07-2023,53,DEL,MAA,GoAir,G8613,1750,Adult,Business,9140,Netbanking,Online,Confirmed,,2
BKG100292,02-02-2023,25-02-2023,23,DEL,BLR,Vistara,UK572,1740,Senior,Business,9451,UPI,Travel Agent,Confirmed,,4
BKG100293,24-02-2023,26-03-2023,30,BLR,DEL,Akasa,QP591,1740,Adult,Economy,4965,Netbanking,Online,Confirmed,,3
BKG100294,18-04-2023,25-04-2023,7,MAA,HYD,GoAir,G8364,630,Adult,Economy,2010,UPI,Travel Agent,Pending,,
BKG100295,03-02-2023,20-02-2023,17,DEL,BLR,Vistara,UK225,1740,Child,Economy,5370,Card,Online,Confirmed,,4
BKG100296,27-03-2023,16-04-2023,20,HYD,DEL,IndiGo,6.00E+130,1260,Senior,Economy,4962,Cash,Travel Agent,Confirmed,,5
BKG100297,15-04-2023,06-06-2023,52,HYD,BOM,Vistara,UK665,710,Adult,Business,4479,Netbanking,Travel Agent,Confirmed,,4
BKG100298,03-04-2023,18-05-2023,45,MAA,BOM,Akasa,QP228,1030,Child,Economy,3107,Wallet,Airline App,Confirmed,,5
BKG100299,20-04-2023,03-07-2023,74,DEL,HYD,SpiceJet,SG483,1260,Child,Economy,4388,UPI,Online,Confirmed,,5
BKG100300,11-03-2023,27-04-2023,47,DEL,MAA,Air India,AI658,1750,Child,Economy,4680,Netbanking,Airline App,Confirmed,,4
BKG100301,31-03-2023,22-05-2023,52,MAA,DEL,Akasa,QP980,1750,Child,Economy,4986,Card,Travel Agent,Confirmed,,3
BKG100302,29-04-2023,22-05-2023,23,MAA,BLR,Air India,AI366,350,Adult,Business,1763,UPI,Online,Confirmed,,1
BKG100303,23-06-2023,19-09-2023,88,DEL,BOM,Akasa,QP694,1150,Adult,Business,7136,Wallet,Travel Agent,Confirmed,,1
BKG100304,04-02-2023,29-03-2023,53,MAA,DEL,GoAir,G8429,1750,Adult,Economy,6761,Netbanking,Travel Agent,Confirmed,,4
BKG100305,11-02-2023,08-05-2023,86,BOM,MAA,Akasa,QP579,1030,Senior,Economy,3338,Wallet,Online,Confirmed,,4
BKG100306,22-05-2023,02-06-2023,11,HYD,MAA,IndiGo,6E587,630,Senior,Economy,1684,Card,Airline App,Cancelled,Other,
BKG100307,18-05-2023,26-06-2023,39,HYD,DEL,Akasa,QP220,1260,Child,Economy,3610,UPI,Airline App,Confirmed,,4
BKG100308,04-03-2023,13-03-2023,9,MAA,HYD,Akasa,QP826,630,Adult,Economy,1599,Cash,Travel Agent,Confirmed,,5
BKG100309,15-03-2023,21-05-2023,67,BLR,HYD,GoAir,G8697,500,Senior,Business,2507,Netbanking,Travel Agent,Cancelled,Found better deal,
BKG100310,16-06-2023,02-08-2023,47,MAA,DEL,GoAir,G8870,1750,Adult,Economy,4882,Wallet,Travel Agent,Confirmed,,5
BKG100311,22-01-2023,05-02-2023,14,MAA,DEL,Akasa,QP261,1750,Adult,Economy,5574,Netbanking,Travel Agent,Cancelled,High ticket price,
BKG100312,26-06-2023,30-06-2023,4,MAA,BOM,Akasa,QP609,1030,Child,Business,6426,Netbanking,Online,Confirmed,,2
BKG100313,21-05-2023,30-06-2023,40,HYD,BLR,SpiceJet,SG497,500,Child,Economy,1632,Cash,Airline App,Confirmed,,1
BKG100314,02-02-2023,08-03-2023,34,BOM,DEL,SpiceJet,SG375,1150,Senior,Economy,3168,Cash,Online,Confirmed,,3
BKG100315,28-04-2023,07-05-2023,9,BLR,HYD,GoAir,G8676,500,Adult,Economy,1925,UPI,Airline App,Confirmed,,1
BKG100316,22-03-2023,08-05-2023,47,MAA,BOM,IndiGo,6E528,1030,Child,Business,5196,Wallet,Online,Confirmed,,5
BKG100317,15-02-2023,03-05-2023,77,BOM,HYD,Vistara,UK299,710,Child,Economy,2061,Netbanking,Online,Confirmed,,5
BKG100318,02-01-2023,22-01-2023,20,MAA,DEL,GoAir,G8467,1750,Adult,Economy,5420,Wallet,Travel Agent,Confirmed,,3
BKG100319,14-04-2023,04-07-2023,81,HYD,MAA,SpiceJet,SG365,630,Adult,Economy,2237,Wallet,Airline App,Confirmed,,1
BKG100320,19-05-2023,30-06-2023,42,BOM,HYD,SpiceJet,SG114,710,Adult,Economy,2337,Card,Airline App,Cancelled,Other,
BKG100321,28-03-2023,08-04-2023,11,BOM,DEL,Akasa,QP314,1150,Senior,Economy,4399,UPI,Online,Confirmed,,1
BKG100322,06-06-2023,18-07-2023,42,MAA,BOM,GoAir,G8322,1030,Adult,Economy,2676,Netbanking,Airline App,Cancelled,Health issues,
BKG100323,08-02-2023,24-02-2023,16,HYD,MAA,IndiGo,6E343,630,Child,Economy,2489,UPI,Online,Confirmed,,4
BKG100324,04-03-2023,02-06-2023,90,BOM,MAA,GoAir,G8716,1030,Adult,Economy,3914,Wallet,Airline App,Confirmed,,5
BKG100325,15-01-2023,21-01-2023,6,MAA,HYD,Vistara,UK684,630,Adult,Economy,2492,UPI,Airline App,Cancelled,Change in plans,
BKG100326,09-03-2023,24-04-2023,46,BOM,HYD,Akasa,QP151,710,Child,Economy,2018,Cash,Airline App,Confirmed,,5
BKG100327,26-05-2023,01-08-2023,67,BLR,MAA,IndiGo,6E716,350,Senior,Business,2025,Netbanking,Online,Confirmed,,2
BKG100328,08-03-2023,27-04-2023,50,BOM,BLR,Vistara,UK475,980,Senior,Economy,3242,Wallet,Online,Confirmed,,2
BKG100329,03-05-2023,02-06-2023,30,DEL,BOM,IndiGo,6.00E+285,1150,Child,Economy,2907,Card,Online,Confirmed,,5
BKG100330,24-01-2023,13-03-2023,48,HYD,DEL,IndiGo,6E770,1260,Senior,Economy,3162,Card,Airline App,Confirmed,,2
BKG100331,05-06-2023,27-06-2023,22,BLR,MAA,Akasa,QP578,350,Adult,Business,2067,Card,Online,Confirmed,,2
BKG100332,22-06-2023,23-06-2023,1,BOM,BLR,SpiceJet,SG494,980,Adult,Economy,3539,UPI,Travel Agent,Confirmed,,1
BKG100333,26-02-2023,13-05-2023,76,BOM,BLR,IndiGo,6E764,980,Adult,Economy,3847,Wallet,Travel Agent,Confirmed,,1
BKG100334,21-06-2023,02-08-2023,42,MAA,BOM,Akasa,QP748,1030,Adult,Economy,2646,Netbanking,Airline App,Confirmed,,2
BKG100335,07-02-2023,24-04-2023,76,MAA,DEL,Vistara,UK540,1750,Adult,Economy,4638,Wallet,Online,Confirmed,,3
BKG100336,05-04-2023,18-04-2023,13,BOM,HYD,SpiceJet,SG154,710,Child,Economy,2770,UPI,Travel Agent,Confirmed,,1
BKG100337,23-06-2023,01-07-2023,8,HYD,BOM,SpiceJet,SG249,710,Child,Economy,2476,Cash,Online,Confirmed,,5
BKG100338,03-06-2023,04-06-2023,1,DEL,HYD,Air India,AI925,1260,Adult,Economy,4533,Netbanking,Airline App,Confirmed,,1
BKG100339,01-02-2023,21-02-2023,20,MAA,DEL,GoAir,G8923,1750,Senior,Business,9594,Netbanking,Airline App,Pending,,
BKG100340,07-03-2023,04-06-2023,89,BOM,DEL,Akasa,QP224,1150,Senior,Economy,4135,Wallet,Travel Agent,Confirmed,,5
BKG100341,29-03-2023,07-06-2023,70,HYD,DEL,Vistara,UK234,1260,Adult,Economy,4452,Card,Airline App,Confirmed,,5
BKG100342,03-05-2023,13-07-2023,71,BLR,DEL,GoAir,G8739,1740,Senior,First,15501,UPI,Online,Confirmed,,4
BKG100343,21-05-2023,30-06-2023,40,DEL,BOM,Vistara,UK678,1150,Senior,Economy,2923,Wallet,Travel Agent,Pending,,
BKG100344,22-04-2023,24-06-2023,63,MAA,DEL,Vistara,UK636,1750,Child,Economy,6109,Netbanking,Airline App,Cancelled,Health issues,
BKG100345,21-03-2023,06-04-2023,16,HYD,BLR,Air India,AI797,500,Senior,Economy,1526,Cash,Airline App,Confirmed,,3
BKG100346,10-01-2023,26-01-2023,16,HYD,DEL,Akasa,QP707,1260,Senior,Economy,4805,Card,Travel Agent,Confirmed,,5
BKG100347,14-03-2023,29-05-2023,76,MAA,HYD,Vistara,UK123,630,Senior,Business,3314,Cash,Airline App,Confirmed,,1
BKG100348,20-02-2023,31-03-2023,39,BOM,BLR,Akasa,QP410,980,Senior,Economy,3545,Netbanking,Travel Agent,Confirmed,,1
BKG100349,28-02-2023,11-04-2023,42,BOM,DEL,GoAir,G8322,1150,Senior,Business,7895,UPI,Airline App,Confirmed,,4
BKG100350,21-04-2023,15-05-2023,24,DEL,BLR,Akasa,QP711,1740,Child,Economy,5643,Wallet,Airline App,Confirmed,,5
BKG100351,27-05-2023,08-07-2023,42,DEL,MAA,Air India,AI417,1750,Child,Economy,6696,UPI,Airline App,Cancelled,Found better deal,
BKG100352,12-05-2023,17-06-2023,36,BOM,DEL,Akasa,QP417,1150,Adult,Economy,4437,Card,Airline App,Confirmed,,4
BKG100353,21-06-2023,03-08-2023,43,HYD,DEL,Vistara,UK946,1260,Child,First,10740,Cash,Airline App,Cancelled,High ticket price,
BKG100354,11-06-2023,09-07-2023,28,HYD,DEL,GoAir,G8928,1260,Senior,Economy,3885,Netbanking,Travel Agent,Pending,,
BKG100355,01-01-2023,03-02-2023,33,BLR,DEL,IndiGo,6.00E+303,1740,Adult,Economy,6540,Netbanking,Online,Confirmed,,1
BKG100356,31-03-2023,01-04-2023,1,DEL,MAA,Vistara,UK505,1750,Adult,Business,9130,Card,Airline App,Cancelled,Other,
BKG100357,02-02-2023,29-03-2023,55,HYD,BLR,Air India,AI624,500,Adult,Business,3283,Cash,Online,Confirmed,,1
BKG100358,21-06-2023,29-07-2023,38,BOM,HYD,SpiceJet,SG163,710,Child,Economy,2733,UPI,Travel Agent,Confirmed,,5
BKG100359,23-04-2023,02-06-2023,40,BLR,MAA,GoAir,G8836,350,Senior,Economy,1222,Card,Airline App,Confirmed,,1
BKG100360,13-01-2023,14-03-2023,60,MAA,BLR,GoAir,G8541,350,Adult,Economy,1233,Wallet,Airline App,Confirmed,,2
BKG100361,01-05-2023,06-05-2023,5,BLR,MAA,Vistara,UK192,350,Adult,Economy,1167,Cash,Online,Pending,,
BKG100362,05-05-2023,14-05-2023,9,BLR,BOM,Akasa,QP783,980,Child,Economy,2696,Card,Online,Cancelled,Health issues,
BKG100363,12-05-2023,12-06-2023,31,BLR,HYD,Air India,AI443,500,Child,Economy,1592,Cash,Airline App,Confirmed,,3
BKG100364,21-02-2023,13-04-2023,51,BOM,HYD,Vistara,UK910,710,Child,Economy,1968,Wallet,Airline App,Confirmed,,4
BKG100365,10-01-2023,27-03-2023,76,DEL,HYD,GoAir,G8413,1260,Adult,Business,8744,Cash,Online,Confirmed,,2
BKG100366,09-02-2023,12-03-2023,31,DEL,HYD,Akasa,QP576,1260,Adult,Business,7475,UPI,Travel Agent,Confirmed,,3
BKG100367,22-02-2023,26-04-2023,63,BOM,HYD,Vistara,UK714,710,Adult,Economy,2125,Cash,Travel Agent,Confirmed,,5
BKG100368,17-06-2023,28-08-2023,72,BOM,HYD,GoAir,G8597,710,Child,Economy,2699,Wallet,Airline App,Confirmed,,4
BKG100369,08-04-2023,21-06-2023,74,BOM,HYD,IndiGo,6E956,710,Senior,Economy,2521,Cash,Online,Confirmed,,4
BKG100370,27-03-2023,09-05-2023,43,MAA,BLR,Air India,AI756,350,Senior,Business,1761,Card,Airline App,Confirmed,,2
BKG100371,15-02-2023,11-04-2023,55,MAA,BLR,Air India,AI589,350,Senior,Economy,1178,Wallet,Travel Agent,Cancelled,Other,
BKG100372,02-02-2023,28-04-2023,85,BLR,MAA,Vistara,UK292,350,Senior,Economy,1269,Netbanking,Travel Agent,Confirmed,,5
BKG100373,05-02-2023,25-02-2023,20,BLR,BOM,SpiceJet,SG655,980,Senior,Business,5670,Netbanking,Online,Confirmed,,4
BKG100374,05-02-2023,27-04-2023,81,MAA,HYD,SpiceJet,SG199,630,Child,Economy,2213,Cash,Airline App,Confirmed,,2
BKG100375,17-06-2023,22-06-2023,5,HYD,BOM,Vistara,UK125,710,Senior,Economy,2095,Wallet,Online,Confirmed,,3
BKG100376,17-03-2023,18-05-2023,62,MAA,DEL,Akasa,QP136,1750,Child,Economy,5615,Netbanking,Travel Agent,Cancelled,Other,
BKG100377,08-01-2023,01-04-2023,83,DEL,HYD,SpiceJet,SG414,1260,Child,Economy,3911,Wallet,Online,Confirmed,,4
BKG100378,19-06-2023,30-07-2023,41,MAA,DEL,GoAir,G8465,1750,Adult,Business,9118,Netbanking,Airline App,Cancelled,Health issues,
BKG100379,01-05-2023,01-06-2023,31,BLR,BOM,GoAir,G8764,980,Child,Business,5910,UPI,Airline App,Confirmed,,5
BKG100380,05-01-2023,11-01-2023,6,MAA,HYD,GoAir,G8470,630,Adult,Economy,2519,Cash,Online,Cancelled,Health issues,
BKG100381,08-01-2023,23-02-2023,46,HYD,BOM,Vistara,UK424,710,Senior,Economy,2761,UPI,Travel Agent,Confirmed,,3
BKG100382,14-01-2023,22-03-2023,67,DEL,HYD,Vistara,UK125,1260,Adult,Economy,4773,Cash,Travel Agent,Confirmed,,1
BKG100383,18-01-2023,18-03-2023,59,HYD,BLR,Akasa,QP579,500,Child,Economy,1612,Card,Airline App,Confirmed,,2
BKG100384,12-06-2023,06-07-2023,24,DEL,BLR,SpiceJet,SG949,1740,Adult,Business,12052,Card,Airline App,Confirmed,,2
BKG100385,04-02-2023,23-03-2023,47,BLR,BOM,Akasa,QP299,980,Adult,Economy,2559,Card,Online,Confirmed,,4
BKG100386,28-06-2023,01-09-2023,65,MAA,HYD,Vistara,UK592,630,Child,Economy,1601,Wallet,Online,Cancelled,Other,
BKG100387,15-03-2023,04-06-2023,81,MAA,DEL,IndiGo,6E640,1750,Child,Business,9617,Cash,Airline App,Confirmed,,2
BKG100388,07-01-2023,29-03-2023,81,BOM,HYD,IndiGo,6E990,710,Senior,Economy,2580,Card,Airline App,Confirmed,,5
BKG100389,11-06-2023,29-06-2023,18,MAA,BLR,Vistara,UK682,350,Senior,Economy,1145,Cash,Airline App,Cancelled,Found better deal,
BKG100390,16-06-2023,12-09-2023,88,DEL,MAA,Vistara,UK727,1750,Child,Business,10755,Wallet,Online,Confirmed,,2
BKG100391,18-02-2023,03-04-2023,44,HYD,DEL,IndiGo,6E432,1260,Child,Economy,4135,Wallet,Online,Confirmed,,2
BKG100392,27-02-2023,18-05-2023,80,HYD,DEL,SpiceJet,SG786,1260,Child,Economy,4921,Cash,Online,Cancelled,Health issues,
BKG100393,15-05-2023,25-07-2023,71,HYD,MAA,GoAir,G8269,630,Adult,Economy,2399,UPI,Airline App,Pending,,
BKG100394,26-05-2023,10-08-2023,76,DEL,MAA,Vistara,UK819,1750,Adult,Economy,5765,UPI,Travel Agent,Confirmed,,3
BKG100395,05-02-2023,16-02-2023,11,BLR,MAA,SpiceJet,SG612,350,Senior,Economy,1343,Cash,Travel Agent,Cancelled,Health issues,
BKG100396,27-05-2023,07-06-2023,11,MAA,BLR,Vistara,UK948,350,Child,Economy,1132,Card,Airline App,Confirmed,,1
BKG100397,19-06-2023,05-09-2023,78,BLR,BOM,Air India,AI855,980,Child,Business,6750,Cash,Travel Agent,Confirmed,,4
BKG100398,10-04-2023,16-04-2023,6,BOM,HYD,SpiceJet,SG433,710,Child,Business,4405,Cash,Online,Confirmed,,3
BKG100399,25-03-2023,19-05-2023,55,BOM,BLR,Akasa,QP745,980,Senior,Economy,3421,UPI,Online,Confirmed,,2
BKG100400,07-02-2023,10-04-2023,62,DEL,HYD,Air India,AI167,1260,Senior,Business,6795,Cash,Travel Agent,Confirmed,,2
BKG100401,03-06-2023,20-07-2023,47,BOM,MAA,Vistara,UK965,1030,Child,Economy,3590,Card,Travel Agent,Pending,,
BKG100402,18-03-2023,25-03-2023,7,MAA,HYD,GoAir,G8475,630,Child,Economy,2520,Cash,Travel Agent,Confirmed,,4
BKG100403,19-06-2023,14-08-2023,56,DEL,HYD,GoAir,G8200,1260,Senior,Economy,3264,UPI,Travel Agent,Confirmed,,5
BKG100404,22-03-2023,31-05-2023,70,MAA,DEL,Air India,AI505,1750,Adult,Economy,4687,Cash,Airline App,Confirmed,,2
BKG100405,27-05-2023,05-07-2023,39,HYD,DEL,Vistara,UK558,1260,Adult,Economy,4174,Netbanking,Airline App,Confirmed,,3
BKG100406,22-04-2023,26-05-2023,34,MAA,DEL,Vistara,UK398,1750,Child,Economy,6681,UPI,Online,Pending,,
BKG100407,08-02-2023,12-02-2023,4,BLR,DEL,GoAir,G8755,1740,Senior,Economy,6931,Wallet,Travel Agent,Confirmed,,1
BKG100408,05-04-2023,25-05-2023,50,DEL,BLR,Vistara,UK739,1740,Adult,Business,10588,Netbanking,Airline App,Confirmed,,2
BKG100409,02-04-2023,26-06-2023,85,BLR,MAA,Air India,AI688,350,Senior,Economy,988,Netbanking,Online,Confirmed,,1
BKG100410,14-04-2023,27-05-2023,43,BOM,MAA,Air India,AI716,1030,Child,Economy,3699,Cash,Travel Agent,Confirmed,,5
BKG100411,28-03-2023,11-05-2023,44,BLR,MAA,Vistara,UK581,350,Senior,First,3261,Wallet,Online,Confirmed,,1
BKG100412,15-02-2023,16-05-2023,90,BOM,BLR,Vistara,UK929,980,Child,Economy,2734,Wallet,Online,Cancelled,Other,
BKG100413,07-02-2023,04-03-2023,25,BLR,MAA,SpiceJet,SG782,350,Senior,Economy,1337,Wallet,Travel Agent,Confirmed,,3
BKG100414,12-06-2023,05-08-2023,54,BLR,DEL,Vistara,UK556,1740,Adult,Economy,4555,Cash,Online,Confirmed,,3
BKG100415,11-01-2023,06-04-2023,85,HYD,BOM,Vistara,UK981,710,Adult,Economy,2393,Card,Airline App,Confirmed,,2
BKG100416,14-05-2023,03-06-2023,20,BOM,DEL,GoAir,G8941,1150,Child,First,9219,Netbanking,Travel Agent,Confirmed,,4
BKG100417,26-01-2023,01-04-2023,65,BOM,MAA,SpiceJet,SG556,1030,Adult,Economy,3853,UPI,Travel Agent,Confirmed,,1
BKG100418,21-02-2023,26-04-2023,64,HYD,DEL,Vistara,UK433,1260,Senior,Business,8484,Card,Online,Cancelled,High ticket price,
BKG100419,19-03-2023,06-04-2023,18,HYD,BOM,IndiGo,6E356,710,Adult,Economy,1864,UPI,Travel Agent,Confirmed,,4
BKG100420,15-06-2023,06-07-2023,21,DEL,BOM,GoAir,G8757,1150,Child,Business,5957,UPI,Airline App,Confirmed,,4
BKG100421,28-01-2023,07-04-2023,69,DEL,HYD,Akasa,QP133,1260,Senior,Economy,4056,Netbanking,Online,Confirmed,,1
BKG100422,27-04-2023,20-05-2023,23,BOM,DEL,IndiGo,6.00E+176,1150,Child,Economy,2987,Card,Online,Confirmed,,2
BKG100423,03-03-2023,02-05-2023,60,BOM,DEL,SpiceJet,SG373,1150,Child,Business,7071,Wallet,Travel Agent,Pending,,
BKG100424,27-06-2023,21-07-2023,24,MAA,BLR,GoAir,G8609,350,Child,Economy,1344,Wallet,Airline App,Confirmed,,5
BKG100425,04-01-2023,15-01-2023,11,MAA,BOM,GoAir,G8467,1030,Child,Business,6795,Netbanking,Airline App,Confirmed,,5
BKG100426,27-02-2023,19-04-2023,51,BOM,DEL,IndiGo,6.00E+128,1150,Child,Economy,4246,Wallet,Online,Cancelled,Health issues,
BKG100427,08-04-2023,05-06-2023,58,BLR,HYD,GoAir,G8511,500,Senior,Economy,1689,Cash,Travel Agent,Confirmed,,4
BKG100428,20-02-2023,28-03-2023,36,HYD,DEL,GoAir,G8654,1260,Adult,Economy,4434,UPI,Airline App,Confirmed,,5
BKG100429,20-06-2023,20-08-2023,61,BOM,BLR,Air India,AI923,980,Adult,Business,5126,Cash,Travel Agent,Cancelled,Change in plans,
BKG100430,12-01-2023,04-03-2023,51,BOM,DEL,IndiGo,6E349,1150,Senior,Economy,4460,Netbanking,Online,Cancelled,High ticket price,
BKG100431,27-01-2023,27-02-2023,31,HYD,MAA,Vistara,UK415,630,Adult,Economy,2012,UPI,Airline App,Cancelled,Found better deal,
BKG100432,12-06-2023,08-09-2023,88,DEL,HYD,GoAir,G8273,1260,Adult,Economy,3338,Netbanking,Airline App,Confirmed,,2
BKG100433,28-05-2023,04-06-2023,7,BOM,BLR,IndiGo,6E352,980,Child,Economy,2881,Cash,Online,Confirmed,,3
BKG100434,27-05-2023,03-07-2023,37,BOM,BLR,SpiceJet,SG307,980,Senior,Economy,3354,Cash,Travel Agent,Confirmed,,4
BKG100435,06-03-2023,30-03-2023,24,BLR,HYD,Akasa,QP423,500,Senior,Economy,1698,Cash,Travel Agent,Confirmed,,3
BKG100436,18-01-2023,23-01-2023,5,BOM,HYD,IndiGo,6E343,710,Senior,Economy,2439,Cash,Airline App,Confirmed,,4
BKG100437,21-01-2023,16-03-2023,54,BLR,BOM,SpiceJet,SG497,980,Senior,Business,6701,Cash,Online,Confirmed,,5
BKG100438,02-03-2023,17-04-2023,46,BLR,MAA,Vistara,UK800,350,Senior,Economy,1169,Card,Airline App,Confirmed,,2
BKG100439,12-05-2023,09-06-2023,28,MAA,HYD,Air India,AI900,630,Senior,Economy,2330,Card,Travel Agent,Confirmed,,3
BKG100440,06-01-2023,27-02-2023,52,HYD,DEL,SpiceJet,SG335,1260,Adult,Economy,3153,Card,Airline App,Confirmed,,4
BKG100441,20-03-2023,27-03-2023,7,HYD,BLR,Akasa,QP357,500,Senior,Economy,1631,Netbanking,Airline App,Confirmed,,2
BKG100442,09-05-2023,10-06-2023,32,HYD,BOM,IndiGo,6E996,710,Senior,Economy,2357,Card,Airline App,Cancelled,High ticket price,
BKG100443,22-02-2023,23-02-2023,1,BOM,HYD,SpiceJet,SG719,710,Child,Economy,1880,Netbanking,Online,Confirmed,,1
BKG100444,23-01-2023,03-04-2023,70,BLR,MAA,Vistara,UK586,350,Adult,Economy,1322,UPI,Airline App,Confirmed,,4
BKG100445,03-05-2023,24-05-2023,21,MAA,BLR,SpiceJet,SG977,350,Child,Economy,1155,Wallet,Online,Confirmed,,3
BKG100446,25-05-2023,03-07-2023,39,BLR,DEL,SpiceJet,SG984,1740,Senior,Business,11906,UPI,Airline App,Confirmed,,4
BKG100447,13-03-2023,18-05-2023,66,BLR,MAA,Akasa,QP489,350,Adult,Economy,915,Netbanking,Travel Agent,Confirmed,,2
BKG100448,25-06-2023,11-07-2023,16,HYD,BLR,IndiGo,6.00E+270,500,Child,First,4409,Card,Airline App,Confirmed,,5
BKG100449,03-01-2023,11-01-2023,8,HYD,DEL,IndiGo,6.00E+251,1260,Child,Economy,4697,UPI,Airline App,Confirmed,,2
BKG100450,24-05-2023,11-07-2023,48,DEL,MAA,Vistara,UK187,1750,Child,Economy,6019,Cash,Travel Agent,Confirmed,,2
BKG100451,20-04-2023,10-06-2023,51,BLR,HYD,Akasa,QP202,500,Senior,Economy,1466,Cash,Airline App,Cancelled,Other,
BKG100452,22-02-2023,31-03-2023,37,BOM,BLR,Vistara,UK259,980,Child,Economy,3153,UPI,Online,Confirmed,,2
BKG100453,14-02-2023,01-05-2023,76,HYD,BLR,Akasa,QP179,500,Adult,Economy,1726,Card,Online,Confirmed,,4
BKG100454,11-06-2023,08-09-2023,89,HYD,MAA,Air India,AI878,630,Adult,Economy,1821,UPI,Online,Confirmed,,3
BKG100455,26-06-2023,21-08-2023,56,DEL,HYD,Vistara,UK799,1260,Adult,Economy,4200,Wallet,Online,Confirmed,,1
BKG100456,07-04-2023,22-04-2023,15,MAA,DEL,IndiGo,6E755,1750,Child,Economy,6445,Card,Online,Confirmed,,4
BKG100457,25-05-2023,19-06-2023,25,BOM,DEL,GoAir,G8409,1150,Child,Economy,4524,Cash,Online,Cancelled,Other,
BKG100458,17-04-2023,16-06-2023,60,BLR,DEL,SpiceJet,SG939,1740,Adult,Economy,5958,UPI,Airline App,Pending,,
BKG100459,28-01-2023,10-03-2023,41,DEL,BOM,IndiGo,6E864,1150,Senior,Business,6564,UPI,Online,Confirmed,,2
BKG100460,24-03-2023,11-06-2023,79,HYD,MAA,Akasa,QP545,630,Adult,Economy,2098,Cash,Travel Agent,Confirmed,,5
BKG100461,25-03-2023,24-04-2023,30,BLR,BOM,Air India,AI567,980,Child,Business,5669,Netbanking,Travel Agent,Pending,,
BKG100462,01-05-2023,27-07-2023,87,BLR,MAA,Air India,AI185,350,Child,Economy,1153,Card,Online,Cancelled,High ticket price,
BKG100463,07-01-2023,26-03-2023,78,MAA,BOM,GoAir,G8475,1030,Child,Business,5642,Card,Airline App,Confirmed,,4
BKG100464,16-04-2023,09-07-2023,84,HYD,MAA,GoAir,G8390,630,Adult,Economy,1858,Wallet,Airline App,Cancelled,Other,
BKG100465,22-06-2023,29-08-2023,68,DEL,BOM,GoAir,G8459,1150,Adult,Economy,3502,Card,Airline App,Cancelled,Found better deal,
BKG100466,15-01-2023,04-03-2023,48,BLR,MAA,Vistara,UK946,350,Child,Economy,1116,Wallet,Airline App,Confirmed,,1
BKG100467,12-03-2023,19-04-2023,38,BLR,HYD,Akasa,QP474,500,Child,Business,2984,Cash,Online,Confirmed,,4
BKG100468,03-01-2023,01-04-2023,88,BLR,HYD,IndiGo,6E702,500,Child,Economy,1594,Netbanking,Online,Confirmed,,3
BKG100469,27-06-2023,10-09-2023,75,MAA,DEL,SpiceJet,SG750,1750,Adult,Economy,5976,Card,Airline App,Pending,,
BKG100470,08-06-2023,25-08-2023,78,BLR,HYD,Vistara,UK710,500,Adult,Economy,1889,Netbanking,Airline App,Confirmed,,3
BKG100471,05-02-2023,08-02-2023,3,HYD,MAA,SpiceJet,SG821,630,Adult,Economy,2199,Cash,Online,Confirmed,,3
BKG100472,23-02-2023,10-05-2023,76,BLR,HYD,Vistara,UK857,500,Adult,First,4157,UPI,Travel Agent,Confirmed,,1
BKG100473,31-03-2023,09-05-2023,39,MAA,HYD,IndiGo,6E658,630,Senior,Business,4081,UPI,Online,Confirmed,,4
BKG100474,31-05-2023,29-06-2023,29,BLR,HYD,Air India,AI584,500,Child,First,3536,Card,Online,Confirmed,,1
BKG100475,08-02-2023,22-02-2023,14,MAA,BOM,Air India,AI876,1030,Adult,Economy,3023,Netbanking,Airline App,Confirmed,,3
BKG100476,06-01-2023,18-01-2023,12,DEL,BOM,SpiceJet,SG888,1150,Senior,Economy,3872,Netbanking,Online,Confirmed,,3
BKG100477,22-02-2023,25-04-2023,62,BOM,BLR,SpiceJet,SG443,980,Child,Business,5442,Cash,Travel Agent,Confirmed,,1
BKG100478,10-03-2023,05-05-2023,56,BLR,DEL,GoAir,G8467,1740,Adult,Economy,4531,Netbanking,Travel Agent,Confirmed,,4
BKG100479,23-03-2023,24-04-2023,32,HYD,DEL,GoAir,G8131,1260,Adult,Economy,4829,Wallet,Travel Agent,Confirmed,,1
BKG100480,10-02-2023,09-05-2023,88,HYD,MAA,IndiGo,6E641,630,Senior,Business,3891,Cash,Online,Confirmed,,1
BKG100481,05-03-2023,09-05-2023,65,DEL,BLR,GoAir,G8632,1740,Child,Economy,4404,Wallet,Airline App,Confirmed,,4
BKG100482,14-06-2023,10-08-2023,57,DEL,BOM,Akasa,QP615,1150,Adult,Business,7297,UPI,Online,Confirmed,,4
BKG100483,07-05-2023,30-06-2023,54,HYD,MAA,Air India,AI759,630,Senior,First,4450,Card,Online,Confirmed,,2
BKG100484,05-03-2023,07-03-2023,2,DEL,HYD,GoAir,G8754,1260,Adult,First,9966,Netbanking,Airline App,Pending,,
BKG100485,13-04-2023,09-07-2023,87,BOM,MAA,Air India,AI291,1030,Senior,Business,6515,Cash,Online,Confirmed,,5
BKG100486,19-04-2023,27-05-2023,38,BOM,DEL,Akasa,QP345,1150,Senior,Economy,3325,UPI,Travel Agent,Confirmed,,3
BKG100487,21-01-2023,12-03-2023,50,DEL,MAA,GoAir,G8570,1750,Adult,Business,12173,UPI,Airline App,Cancelled,Health issues,
BKG100488,24-01-2023,24-04-2023,90,HYD,DEL,Air India,AI158,1260,Child,Business,7431,Card,Travel Agent,Confirmed,,3
BKG100489,02-02-2023,19-02-2023,17,MAA,DEL,Air India,AI730,1750,Child,First,15576,Wallet,Online,Confirmed,,1
BKG100490,05-02-2023,19-02-2023,14,BLR,DEL,Vistara,UK280,1740,Adult,Economy,6889,Netbanking,Airline App,Cancelled,Found better deal,
BKG100491,10-05-2023,04-06-2023,25,BLR,DEL,Air India,AI524,1740,Child,Economy,5996,Cash,Travel Agent,Confirmed,,4
BKG100492,09-06-2023,21-08-2023,73,HYD,DEL,SpiceJet,SG725,1260,Child,Business,8186,UPI,Online,Confirmed,,4
BKG100493,15-05-2023,23-06-2023,39,BLR,BOM,SpiceJet,SG283,980,Senior,Economy,3068,Card,Online,Confirmed,,1
BKG100494,02-03-2023,14-04-2023,43,MAA,DEL,GoAir,G8211,1750,Senior,Economy,5635,Netbanking,Travel Agent,Pending,,
BKG100495,02-03-2023,19-04-2023,48,BOM,HYD,GoAir,G8772,710,Senior,Economy,2242,UPI,Airline App,Confirmed,,2
BKG100496,25-04-2023,17-06-2023,53,MAA,BLR,Air India,AI529,350,Child,Economy,1285,Wallet,Travel Agent,Confirmed,,2
BKG100497,05-05-2023,26-05-2023,21,DEL,BLR,Akasa,QP879,1740,Adult,Business,11788,Netbanking,Airline App,Confirmed,,2
BKG100498,02-01-2023,04-02-2023,33,HYD,BLR,Akasa,QP323,500,Senior,Economy,1910,Wallet,Online,Pending,,
BKG100499,09-05-2023,29-06-2023,51,BOM,HYD,SpiceJet,SG667,710,Senior,Economy,2515,UPI,Airline App,Confirmed,,5
BKG100500,19-04-2023,02-07-2023,74,BLR,DEL,SpiceJet,SG436,1740,Adult,Business,10204,UPI,Online,Cancelled,High ticket price,
